contract_address,from,to,value,tx_hash,block_number,block_hash
0x3d2bd0e15829aa5c362a4144fdf4a1112fa29b5c,0x4a1a2197f307222cd67a1762d9a352f64558d9be,0x516e3e57a3d1c9e2db09cd8ec0c54309b6cd1c00,3000000000000000000000,0x7e90cec6fc2d6771193a099880a4d8fa58c5f0ce8e390672f1f12ae8f6125883,56760539,0x0f52…c81d
0x3d2bd0e15829aa5c362a4144fdf4a1112fa29b5c,0x4a1a2197f307222cd67a1762d9a352f64558d9be,0x516e3e57a3d1c9e2db09cd8ec0c54309b6cd1c00,3000000000000000000000,0x7e90cec6fc2d6771193a099880a4d8fa58c5f0ce8e390672f1f12ae8f6125883,56760539,0x0f52…c81d
0x3d2bd0e15829aa5c362a4144fdf4a1112fa29b5c,0x4a1a2197f307222cd67a1762d9a352f64558d9be,0x516e3e57a3d1c9e2db09cd8ec0c54309b6cd1c00,3000000000000000000000,0x7e90cec6fc2d6771193a099880a4d8fa58c5f0ce8e390672f1f12ae8f6125883,56760539,0x0f52…c81d
0x3d2bd0e15829aa5c362a4144fdf4a1112fa29b5c,0x4a1a2197f307222cd67a1762d9a352f64558d9be,0x516e3e57a3d1c9e2db09cd8ec0c54309b6cd1c00,3000000000000000000000,0x7e90cec6fc2d6771193a099880a4d8fa58c5f0ce8e390672f1f12ae8f6125883,56760539,0x0f52…c81d
0x3d2bd0e15829aa5c362a4144fdf4a1112fa29b5c,0x4a1a2197f307222cd67a1762d9a352f64558d9be,0x516e3e57a3d1c9e2db09cd8ec0c54309b6cd1c00,3000000000000000000000,0x7e90cec6fc2d6771193a099880a4d8fa58c5f0ce8e390672f1f12ae8f6125883,56760539,0x0f52…c81d
0x3d2bd0e15829aa5c362a4144fdf4a1112fa29b5c,0x4a1a2197f307222cd67a1762d9a352f64558d9be,0x516e3e57a3d1c9e2db09cd8ec0c54309b6cd1c00,3000000000000000000000,0x7e90cec6fc2d6771193a099880a4d8fa58c5f0ce8e390672f1f12ae8f6125883,56760539,0x0f52…c81d
0x3d2bd0e15829aa5c362a4144fdf4a1112fa29b5c,0x4a1a2197f307222cd67a1762d9a352f64558d9be,0x857b5e09d54ad26580297c02e4596537a2d3e329,3200000000000000000000,0xb443b6e5403f08282bb71aaf440bfd1023c6a855e25b5a61330aef82c9fff34e,56797711,0x4f94…c7f4
0x3d2bd0e15829aa5c362a4144fdf4a1112fa29b5c,0x4a1a2197f307222cd67a1762d9a352f64558d9be,0x03ba34f6ea1496fa316873cf8350a3f7ead317ef,5000000000000000000,0x09e58d7fed792d88354b7d57ff4954c14aef26cbfe50a1fb223903fc2fd8a88f,57013994,0x39b6…40b7
0x3d2bd0e15829aa5c362a4144fdf4a1112fa29b5c,0x4a1a2197f307222cd67a1762d9a352f64558d9be,0xdaa5ebe0d75cd16558bae6145644eddfcba1e868,95000000000000000000,0x09e58d7fed792d88354b7d57ff4954c14aef26cbfe50a1fb223903fc2fd8a88f,57013994,0x39b6…40b7
